Tabela 8888 - Produção Física Industrial, por seções e atividades industriais;;;;;;;;;;;;;;;;;;;;;;;;;;;;;;;;;;;;;;;;;;;;;;;;;;;;;;;;;;;;;;;;;;;;;;;;;;;;;;;;;;;;;;;;;;;;;;;;;;;;;;;;;;;;;;;;;;;;;;;;;;;;;;;;;;;;;;;;;;;;;;;;;;;;;;;;;;;;;;;;;;;;;;;;;;;;;;;;;;;;;;;;;;;;;;;;;;;;;;;;;;;;;;;;;;;;;;;;;;;;;;;;;;;;;;;;;;;;;;;;;;;;;;;;;;;;;;;;;;;;;
Variável - PIMPF - Número-índice (2022=100) (Número-índice);;;;;;;;;;;;;;;;;;;;;;;;;;;;;;;;;;;;;;;;;;;;;;;;;;;;;;;;;;;;;;;;;;;;;;;;;;;;;;;;;;;;;;;;;;;;;;;;;;;;;;;;;;;;;;;;;;;;;;;;;;;;;;;;;;;;;;;;;;;;;;;;;;;;;;;;;;;;;;;;;;;;;;;;;;;;;;;;;;;;;;;;;;;;;;;;;;;;;;;;;;;;;;;;;;;;;;;;;;;;;;;;;;;;;;;;;;;;;;;;;;;;;;;;;;;;;;;;;;;;;
Seções e atividades industriais (CNAE 2.0) - 1 Indústria geral;;;;;;;;;;;;;;;;;;;;;;;;;;;;;;;;;;;;;;;;;;;;;;;;;;;;;;;;;;;;;;;;;;;;;;;;;;;;;;;;;;;;;;;;;;;;;;;;;;;;;;;;;;;;;;;;;;;;;;;;;;;;;;;;;;;;;;;;;;;;;;;;;;;;;;;;;;;;;;;;;;;;;;;;;;;;;;;;;;;;;;;;;;;;;;;;;;;;;;;;;;;;;;;;;;;;;;;;;;;;;;;;;;;;;;;;;;;;;;;;;;;;;;;;;;;;;;;;;;;;;
Brasil e Unidade da Federação;Mês;;;;;;;;;;;;;;;;;;;;;;;;;;;;;;;;;;;;;;;;;;;;;;;;;;;;;;;;;;;;;;;;;;;;;;;;;;;;;;;;;;;;;;;;;;;;;;;;;;;;;;;;;;;;;;;;;;;;;;;;;;;;;;;;;;;;;;;;;;;;;;;;;;;;;;;;;;;;;;;;;;;;;;;;;;;;;;;;;;;;;;;;;;;;;;;;;;;;;;;;;;;;;;;;;;;;;;;;;;;;;;;;;;;;;;;;;;;;;;;;;;;;;;;;;;;;;;;;;;;;
;janeiro 2002;fevereiro 2002;março 2002;abril 2002;maio 2002;junho 2002;julho 2002;agosto 2002;setembro 2002;outubro 2002;novembro 2002;dezembro 2002;janeiro 2003;fevereiro 2003;março 2003;abril 2003;maio 2003;junho 2003;julho 2003;agosto 2003;setembro 2003;outubro 2003;novembro 2003;dezembro 2003;janeiro 2004;fevereiro 2004;março 2004;abril 2004;maio 2004;junho 2004;julho 2004;agosto 2004;setembro 2004;outubro 2004;novembro 2004;dezembro 2004;janeiro 2005;fevereiro 2005;março 2005;abril 2005;maio 2005;junho 2005;julho 2005;agosto 2005;setembro 2005;outubro 2005;novembro 2005;dezembro 2005;janeiro 2006;fevereiro 2006;março 2006;abril 2006;maio 2006;junho 2006;julho 2006;agosto 2006;setembro 2006;outubro 2006;novembro 2006;dezembro 2006;janeiro 2007;fevereiro 2007;março 2007;abril 2007;maio 2007;junho 2007;julho 2007;agosto 2007;setembro 2007;outubro 2007;novembro 2007;dezembro 2007;janeiro 2008;fevereiro 2008;março 2008;abril 2008;maio 2008;junho 2008;julho 2008;agosto 2008;setembro 2008;outubro 2008;novembro 2008;dezembro 2008;janeiro 2009;fevereiro 2009;março 2009;abril 2009;maio 2009;junho 2009;julho 2009;agosto 2009;setembro 2009;outubro 2009;novembro 2009;dezembro 2009;janeiro 2010;fevereiro 2010;março 2010;abril 2010;maio 2010;junho 2010;julho 2010;agosto 2010;setembro 2010;outubro 2010;novembro 2010;dezembro 2010;janeiro 2011;fevereiro 2011;março 2011;abril 2011;maio 2011;junho 2011;julho 2011;agosto 2011;setembro 2011;outubro 2011;novembro 2011;dezembro 2011;janeiro 2012;fevereiro 2012;março 2012;abril 2012;maio 2012;junho 2012;julho 2012;agosto 2012;setembro 2012;outubro 2012;novembro 2012;dezembro 2012;janeiro 2013;fevereiro 2013;março 2013;abril 2013;maio 2013;junho 2013;julho 2013;agosto 2013;setembro 2013;outubro 2013;novembro 2013;dezembro 2013;janeiro 2014;fevereiro 2014;março 2014;abril 2014;maio 2014;junho 2014;julho 2014;agosto 2014;setembro 2014;outubro 2014;novembro 2014;dezembro 2014;janeiro 2015;fevereiro 2015;março 2015;abril 2015;maio 2015;junho 2015;julho 2015;agosto 2015;setembro 2015;outubro 2015;novembro 2015;dezembro 2015;janeiro 2016;fevereiro 2016;março 2016;abril 2016;maio 2016;junho 2016;julho 2016;agosto 2016;setembro 2016;outubro 2016;novembro 2016;dezembro 2016;janeiro 2017;fevereiro 2017;março 2017;abril 2017;maio 2017;junho 2017;julho 2017;agosto 2017;setembro 2017;outubro 2017;novembro 2017;dezembro 2017;janeiro 2018;fevereiro 2018;março 2018;abril 2018;maio 2018;junho 2018;julho 2018;agosto 2018;setembro 2018;outubro 2018;novembro 2018;dezembro 2018;janeiro 2019;fevereiro 2019;março 2019;abril 2019;maio 2019;junho 2019;julho 2019;agosto 2019;setembro 2019;outubro 2019;novembro 2019;dezembro 2019;janeiro 2020;fevereiro 2020;março 2020;abril 2020;maio 2020;junho 2020;julho 2020;agosto 2020;setembro 2020;outubro 2020;novembro 2020;dezembro 2020;janeiro 2021;fevereiro 2021;março 2021;abril 2021;maio 2021;junho 2021;julho 2021;agosto 2021;setembro 2021;outubro 2021;novembro 2021;dezembro 2021;janeiro 2022;fevereiro 2022;março 2022;abril 2022;maio 2022;junho 2022;julho 2022;agosto 2022;setembro 2022;outubro 2022;novembro 2022;dezembro 2022;janeiro 2023;fevereiro 2023;março 2023;abril 2023;maio 2023;junho 2023;julho 2023;agosto 2023;setembro 2023
Brasil;84,35985;81,23882;90,19468;92,75477;93,74586;90,30861;97,02905;97,40784;95,68385;103,92059;97,7581;86,94687;86,21006;83,64805;90,21116;89,17615;92,85332;88,90555;94,79223;95,13301;99,81096;104,87061;98,57643;90,74434;89,48491;86,27226;101,29663;95,78715;100,60552;100,36502;104,98271;107,37683;107,36306;108,93971;106,96965;98,73418;94,43859;89,01654;102,59731;101,36217;106,16136;106,49943;105,46883;111,39355;107,22933;109,21963;107,68567;100,94034;97,48057;93,46685;107,67339;99,8282;111,1146;106,1607;109,25591;114,86336;108,65657;113,57487;111,69618;101,34553;101,38564;96,22568;112,38721;105,592;116,40273;112,88043;116,34116;122,27648;114,61139;125,65204;119,3344;107,93691;110,45695;106,13137;113,89996;115,64141;119,39461;120,34545;126,43891;124,5839;125,0701;126,34873;112,08152;92,19722;91,66715;88,63398;103,19096;99,3135;106,35166;107,43047;113,86257;116,10422;115,87901;123,07453;118,13763;109,62616;106,28638;103,65597;122,44795;115,72172;121,51816;119,43995;124,55664;126,02153;123,28957;125,54517;124,42525;112,54306;108,6343;111,18262;121,63363;113,61426;124,81165;119,80302;123,60012;129,1428;122,10754;123,83857;121,40188;111,49519;103,35733;104,68291;116,1812;108,09827;119,38667;114,50151;121,76721;129,95274;120,52278;130,27003;122,16077;107,48937;110,11744;102,62008;113,85214;118,65181;122,33153;118,51416;125,8847;130,56683;125,03259;131,19189;123,68849;104,97604;107,91411;107,54777;113,37495;111,8974;118,5303;110,61037;121,70206;123,92138;123,07107;127,32526;116,2884;102,2134;102,66304;97,57125;109,92777;103,51269;108,44442;107,78466;111,24612;113,73341;109,91113;113,31974;102,02329;89,97213;88,87564;88,35558;97,51803;96,72772;100,51023;102,14944;104,43092;108,37187;105,65274;105,07812;100,76965;90,00232;90,76173;88,41199;99,55177;92,42064;105,02557;103,06748;107,34819;112,64103;108,34912;110,87912;105,5798;94,39374;95,85064;90,04273;100,49774;100,77646;98,36;106,10223;111,61924;114,4615;105,73437;111,61565;104,28134;90,84141;94,02286;92,15176;94,39633;97,12618;106,03589;99,98849;108,88426;112,1134;106,94489;113,06392;102,50798;89,65106;93,25265;91,90105;90,76051;70,24669;82,93598;91,33918;106,0344;109,41676;111,13157;113,42905;105,13475;97,1061;95,45141;92,15339;100,3173;94,72257;102,95969;102,41462;107,53425;108,81356;106,61016;104,56847;100,5582;92,2986;90,12692;89,76868;98,37445;94,63148;102,66461;101,79733;107,14913;110,72404;105,56805;105,8625;101,38154;91,95129;90,38179;87,48187;99,3764;92,04257;104,62037;101,98357;105,86483;111,22555;106,21609
Amazonas;66,19417;64,85994;73,34467;82,54673;74,66314;76,36698;75,48817;77,90894;83,03398;92,60372;92,81455;72,04322;62,53403;69,32547;69,78894;79,44157;73,13144;73,53954;87,96791;84,38293;93,68097;98,57187;99,18862;75,6588;73,88879;67,37913;92,75034;90,95886;89,51738;90,41126;86,16874;94,9776;99,46396;104,21029;113,52756;86,72179;79,69404;83,35679;105,77746;111,29102;111,86185;119,03237;95,98791;104,79399;103,1734;116,17532;110,49669;82,58539;82,45917;97,31294;114,20531;101,44111;105,15945;95,65764;95,26665;104,93716;106,82829;107,06928;113,08696;82,83647;90,84183;86,82529;111,94083;105,97982;103,39992;102,69591;95,6569;118,09021;108,23322;123,40196;119,30629;94,6423;106,91098;102,37692;114,17705;107,89475;108,09037;106,16245;104,18242;114,35883;123,43228;125,76463;110,09733;87,14055;82,18281;80,38518;97,48778;84,04143;98,10641;93,79209;95,57835;110,25546;115,41203;125,79657;121,88845;92,06719;110,71981;99,19275;137,75594;113,53839;114,73677;115,19168;111,27026;119,80487;119,45539;121,89631;130,29772;99,51832;108,77085;109,02483;115,81644;115,14819;122,88256;113,93853;117,50225;129,20264;132,68997;142,53404;130,25352;103,07391;112,61853;102,32493;117,02929;101,61905;107,9473;109,2312;88,91811;127,3233;124,19122;124,37587;126,85914;100,98767;108,38863;100,62982;118,26854;117,14953;115,80478;109,83506;117,90571;129,15957;129,77101;136,43587;136,37535;106,16021;118,51054;121,74203;125,94927;116,91463;108,24996;91,75701;113,63948;114,47439;121,82612;123,56457;113,73714;100,95611;104,91458;97,62974;100,97726;93,7463;93,17493;90,61578;92,15085;99,31795;105,2543;97,16746;90,33327;70,72803;73,13078;73,49827;92,11853;74,54929;87,05182;83,05834;87,68657;91,84114;93,15255;88,79477;93,85308;72,74169;78,74149;77,67586;84,71601;80,01844;87,02986;82,97821;86,83576;96,47955;99,17099;99,54439;94,36197;84,1912;103,90477;89,61888;104,14246;90,13824;90,61135;84,73699;92,1619;89,93657;84,71341;102,47669;92,64762;72,41197;93,81534;96,23697;92,65797;93,63177;93,70935;89,45637;92,71409;101,2547;99,22454;108,92005;104,20246;81,56414;98,95218;94,0976;87,3583;41,07545;47,03363;81,34778;99,56158;102,58241;114,01377;115,66991;114,2556;89,42859;89,16276;84,41999;107,48425;94,67498;93,84724;101,3113;91,4755;101,33113;98,73669;101,95769;99,69004;91,47992;86,65385;93,02428;100,5944;94,49531;106,20031;94,83285;108,24772;113,83798;107,24166;111,21315;100,98629;82,67219;97,95601;99,61781;124,22737;95,05304;114,31215;101,22629;96,22379;116,85389;105,19858
Pará;42,18845;43,87127;49,03887;47,23585;46,83442;48,13815;50,0683;49,37327;45,08725;49,03078;49,42669;51,13682;49,18673;42,72727;52,46012;50,17149;53,7622;51,09222;53,00142;54,76148;53,47661;54,49923;52,23753;57,35998;51,21495;51,4872;54,93076;53,58349;56,17583;56,22118;58,25966;60,76544;59,91866;60,43847;61,21968;62,94119;57,16704;50,74628;57,38852;57,33308;59,23295;60,32775;57,98128;61,06402;62,10638;64,69201;61,56457;65,69745;63,21526;56,33612;67,56902;64,11052;70,83314;69,91452;71,44707;72,50112;72,08715;72,79279;74,09485;73,06565;71,16344;60,89142;70,89573;66,02811;72,04799;70,4282;73,70519;75,01994;73,2554;74,937;73,53414;78,3014;75,31028;70,14766;73,99093;67,88101;74,47663;76,12121;80,57619;84,60627;80,16897;85,08599;77,82147;75,60241;73,36084;65,4382;73,45474;65,88567;66,90176;75,58823;78,31702;76,748;73,226;77,15441;72,83789;74,75502;75,10086;70,24866;79,4318;74,2041;76,70821;77,35711;79,60471;84,39415;79,07406;80,37589;82,65818;85,28945;78,89345;68,50471;72,65929;74,98983;81,47446;80,15322;88,60916;87,76323;83,31188;84,03466;81,73582;88,57865;66,57957;66,90262;72,71853;75,2673;85,15466;82,69305;83,92029;83,96331;78,98369;87,44161;81,29092;90,72173;74,92771;62,77859;64,39267;57,12039;67,73208;80,08154;89,50876;86,21803;82,01723;91,78347;84,22911;96,08904;74,43173;65,30771;72,55747;78,24256;86,20055;85,13032;88,62478;91,22876;86,72282;96,43158;90,0678;97,48706;78,92458;71,32066;82,15326;83,32286;86,76647;87,88692;91,51618;85,9286;94,37683;96,55557;92,05397;97,56284;86,92846;81,95526;87,85547;89,81196;93,24985;100,57283;100,39779;100,21956;97,55251;98,42896;100,82824;108,08029;99,2108;84,27317;93,31039;94,50115;107,45851;108,07597;113,94395;110,1089;110,25384;115,17933;111,89333;115,71508;114,79149;84,32528;103,97061;93,73879;114,14481;122,54617;129,52045;122,44174;125,8687;130,04946;121,73294;123,61055;115,73584;95,11671;91,55469;64,28627;114,50067;125,96546;133,95044;137,99202;123,5247;125,74421;118,23698;125,32363;107,25653;102,45101;88,04979;87,2392;99,59276;115,92315;126,05361;137,0846;133,53482;131,93272;112,90956;128,25532;121,02161;90,7898;95,16177;92,51075;104,30699;106,8163;112,28544;128,52789;122,96882;113,23873;115,09225;116,87583;94,30746;88,89887;88,70607;84,87622;82,48519;104,42237;117,13045;118,2127;105,9401;112,01352;97,49752;105,50959;90,00211;84,51719;91,4919;89,30122;107,04314;111,10222;113,78153;107,91688;121,32402
Maranhão;...;...;...;...;...;...;...;...;...;...;...;...;...;...;...;...;...;...;...;...;...;...;...;...;...;...;...;...;...;...;...;...;...;...;...;...;...;...;...;...;...;...;...;...;...;...;...;...;...;...;...;...;...;...;...;...;...;...;...;...;...;...;...;...;...;...;...;...;...;...;...;...;...;...;...;...;...;...;...;...;...;...;...;...;...;...;...;...;...;...;...;...;...;...;...;...;...;...;...;...;...;...;...;...;...;...;...;...;...;...;...;...;...;...;...;...;...;...;...;...;...;...;...;...;...;...;...;...;...;...;...;...;...;...;...;...;...;...;...;...;...;...;...;...;...;...;...;...;...;...;...;...;...;...;...;...;...;...;...;...;...;...;...;...;...;...;...;...;...;...;...;...;...;...;...;...;...;...;...;...;...;...;...;...;...;...;...;...;...;...;...;...;...;...;...;...;...;...;...;...;...;...;...;...;...;...;...;...;...;...;...;...;...;...;...;...;...;...;...;...;...;...;...;...;...;...;...;...;...;...;...;...;...;...;...;...;...;...;...;...;90,65462;87,27679;91,03112;98,81169;100,92958;99,92207;107,85503;106,56675;103,9939;104,18653;97,21208;111,55985;101,50067;92,73098;98,03657;82,64458;91,1936;82,92439;100,50051;107,49782;98,40087
Ceará;100,58918;89,94594;98,67585;101,54417;101,41504;96,91332;110,49194;103,71242;112,1774;121,0301;122,73753;109,95491;106,54281;98,98979;95,96646;102,74275;95,14905;93,24135;101,20437;104,37196;109,90508;121,6292;114,95195;102,70604;101,39561;96,18187;111,03226;99,79793;106,1365;105,54232;120,4897;123,10284;132,48245;137,80552;139,4432;121,28113;111,39989;99,90008;108,42115;111,25461;111,76133;107,1008;113,42348;119,14633;115,85808;120,4932;129,28019;111,18182;121,42683;108,28494;122,48231;111,45813;117,49371;115,22126;128,3011;127,55313;126,53;133,13856;135,58752;117,11483;115,84061;109,83315;119,90055;112,23557;124,66558;117,90523;122,49153;126,36204;127,88923;141,15015;138,39395;120,67097;110,89487;116,52926;128,02585;119,33559;115,89089;121,29901;128,75956;133,64518;131,70813;143,67542;132,68482;112,39796;107,60019;104,89346;119,96591;115,33938;108,70785;109,19106;120,28882;120,17242;125,78364;140,3915;141,49606;126,24516;126,68238;118,64128;133,33231;130,31141;127,6597;131,22076;134,68779;132,95811;134,39838;132,97458;133,29812;113,37028;106,16572;112,13465;115,35338;103,4952;109,98287;107,53396;106,37981;116,19367;119,42683;122,54215;122,88059;106,61465;102,24206;101,26317;113,03175;100,24334;108,73597;102,0925;111,53205;116,58015;120,21648;129,65087;132,21339;107,85164;117,88965;106,07888;113,74342;118,85761;116,36529;112,5365;127,51105;132,16585;133,52197;147,80648;140,46489;112,86992;112,89624;114,16139;112,87092;112,71988;116,04773;104,79117;124,76304;129,61324;133,74062;135,10956;131,20703;114,75956;106,96012;103,24588;109,03668;96,11192;100,15587;104,09299;107,35129;115,46119;117,90631;123,71321;117,36976;98,60185;96,73277;92,76072;102,51678;93,68384;97,3751;100,31848;106,80899;112,37776;110,87491;114,79103;112,50284;103,33943;98,37719;91,32383;100,85154;87,37805;104,00699;103,69085;108,20428;117,02579;114,2315;123,56458;117,49286;104,2001;103,05546;93,08131;102,35065;92,57163;94,1161;100,59936;109,01123;117,04261;118,38752;125,3401;120,50776;99,97225;101,38023;100,23433;95,74917;97,53365;103,84057;99,55393;109,32597;117,65971;118,3663;124,6893;123,55832;104,01983;106,12507;101,26682;85,76076;45,02393;50,49978;77,81093;112,3388;123,84792;128,18262;131,95588;130,97003;122,42201;116,85941;101,18238;92,01677;85,43861;93,84617;101,87844;108,83355;116,68611;112,52291;119,06707;116,38687;96,95944;91,24719;91,11223;95,82274;92,2445;102,28716;105,31239;100,45861;112,99139;112,66554;102,6014;103,85657;89,40034;93,10214;83,12938;96,73595;85,01304;94,22884;90,54254;94,90246;98,33874;99,21234
Rio Grande do Norte;...;...;...;...;...;...;...;...;...;...;...;...;...;...;...;...;...;...;...;...;...;...;...;...;...;...;...;...;...;...;...;...;...;...;...;...;...;...;...;...;...;...;...;...;...;...;...;...;...;...;...;...;...;...;...;...;...;...;...;...;...;...;...;...;...;...;...;...;...;...;...;...;...;...;...;...;...;...;...;...;...;...;...;...;...;...;...;...;...;...;...;...;...;...;...;...;...;...;...;...;...;...;...;...;...;...;...;...;...;...;...;...;...;...;...;...;...;...;...;...;...;...;...;...;...;...;...;...;...;...;...;...;...;...;...;...;...;...;...;...;...;...;...;...;...;...;...;...;...;...;...;...;...;...;...;...;...;...;...;...;...;...;...;...;...;...;...;...;...;...;...;...;...;...;...;...;...;...;...;...;...;...;...;...;...;...;...;...;...;...;...;...;...;...;...;...;...;...;...;...;...;...;...;...;...;...;...;...;...;...;...;...;...;...;...;...;...;...;...;...;...;...;...;...;...;...;...;...;...;...;...;...;...;...;...;...;...;...;...;...;119,03723;108,48385;108,10443;80,39853;89,93271;100,43033;88,81542;89,06913;93,81437;106,77046;105,87266;109,27085;106,53006;110,58476;109,52125;92,05187;93,73531;117,00371;133,79627;133,39239;131,49247
Pernambuco;86,23764;73,40699;74,09748;74,91601;74,96958;67,97129;75,835;77,40629;84,68952;102,2818;102,23913;104,24305;102,37918;74,96714;71,77693;70,70648;67,24033;63,85287;76,35823;76,81237;92,89501;105,56155;102,98407;107,89665;94,80109;79,60925;86,00512;74,80502;75,94853;73,74359;78,03175;82,70938;96,52896;110,01147;106,0173;107,81594;101,72438;83,40682;85,40262;73,30164;76,05452;74,00928;79,45598;85,87933;94,08444;107,68011;119,33933;116,98994;105,25505;84,07141;87,60631;79,35253;78,09405;79,47327;83,3934;87,23368;99,43223;119,3791;122,19564;118,44161;108,29738;89,23643;91,79429;83,5509;85,72569;83,55716;85,21256;89,70677;98,31975;120,92329;125,84067;126,20585;122,70911;108,95822;101,85802;88,15063;84,29151;85,82568;87,18796;93,16773;109,38955;124,74797;123,8442;119,0561;115,34771;89,41554;94,33421;81,57045;79,77697;80,44509;84,24244;93,67669;109,56828;125,28626;130,98041;125,63637;114,44939;108,79614;115,14436;97,50362;96,69345;94,29226;94,30629;98,18432;113,38602;127,42418;131,36694;125,47167;109,72341;104,20675;106,93055;89,48866;91,18898;94,80612;94,80857;100,73035;118,90978;132,25816;132,8782;129,59655;123,16963;114,49254;109,64295;93,47861;96,5381;92,30639;91,28571;100,70166;113,60397;137,05661;129,23248;126,32235;122,46109;102,82887;100,97387;96,90207;97,9553;94,66133;96,95037;101,89827;107,7901;134,05959;129,54954;133,16138;128,62447;109,31616;113,11656;99,81616;99,6668;87,78619;92,70008;100,69714;115,85076;126,47291;126,84011;122,7012;133,33805;112,8524;112,36089;92,34335;87,90737;88,36643;91,61941;95,81859;109,47678;120,96403;124,65775;106,40002;95,05616;84,18994;87,71115;85,17058;83,23363;82,8854;88,8314;94,61257;106,32666;120,70426;117,04267;113,37443;109,46133;83,30393;90,44751;79,29369;81,06427;81,09665;84,9229;95,27617;103,37899;118,43252;124,386;118,32951;107,55378;87,54893;91,41161;88,46144;78,51758;89,62002;95,57226;107,66563;119,89197;124,51964;118,44467;109,63873;102,7288;89,54548;86,34017;91,49027;90,23839;84,43683;87,33436;97,87565;110,76546;126,07611;116,58909;109,19939;106,92415;100,20965;88,24921;65,59892;78,0085;86,84555;102,91416;108,06664;118,25752;135,29988;128,73052;117,70046;115,14907;99,32419;94,4;86,81511;92,40558;84,62936;93,48271;93,24731;110,13442;125,2252;122,01565;111,68647;103,49198;99,78144;107,61836;99,74117;97,79941;96,36721;98,03228;104,124;100,6871;105,20783;99,93319;87,21603;100,66164;94,93069;105,12926;93,16107;104,00032;100,45398;106,7135;106,93501;96,02298
Bahia;108,36655;96,73707;104,55299;100,15925;96,6783;101,17353;117,78723;119,10427;103,53352;115,07508;113,06586;113,85661;110,73033;92,70516;108,00648;107,77203;108,84516;103,48274;111,30081;108,53558;115,02516;115,26785;90,97069;104,54637;111,35056;105,27618;120,01597;114,22183;121,01689;125,72257;117,74653;116,68186;119,61707;125,53698;123,58536;121,0129;118,30065;109,00082;121,11362;121,06252;120,63234;122,95608;129,14366;131,09386;125,74996;127,62939;123,80101;132,6593;127,3363;117,14415;128,98689;127,95232;130,84563;124,37988;126,96703;131,7862;129,84009;133,52585;130,08101;122,34077;134,17729;116,24545;128,18743;117,58416;131,22133;127,81944;136,88987;132,77696;127,02371;138,16561;133,19222;132,88529;134,45209;129,82076;127,53365;132,6556;137,60357;126,16379;136,20627;141,13218;139,94268;137,78996;129,80563;114,41204;110,63274;116,97145;123,96479;101,05711;117,0675;127,78725;120,90021;133,18266;133,2459;137,60916;135,17731;140,3852;137,23904;125,59017;136,70253;131,10506;142,48154;130,56194;141,36145;139,0356;132,0354;145,31424;131,33957;126,63017;124,38157;106,25187;130,83495;124,91483;138,03586;137,29398;132,64118;135,43465;129,29596;138,67003;123,08222;118,42758;128,87893;120,95789;130,48667;124,561;140,20517;130,97773;134,47639;138,16424;132,23799;141,73268;140,35693;140,1689;144,12558;126,97791;138,44315;143,24363;149,74697;145,06316;153,99441;147,89189;142,58501;140,18833;143,46651;135,21232;134,33245;126,22433;141,81215;142,00367;138,98564;127,49553;144,71017;138,60996;143,86376;152,03662;143,42837;132,5427;118,46566;97,14117;137,84483;123,78052;132,05609;132,4697;146,04516;143,04729;130,56649;138,50235;124,37759;127,28854;130,5814;108,43562;127,49563;122,6627;128,17998;124,81551;119,40802;128,17591;121,47715;128,24542;117,17013;115,64017;111,61152;104,57568;123,47809;113,81204;128,93844;112,33154;130,26905;135,97615;128,84643;125,81816;120,45427;114,03993;118,35437;108,2456;117,23583;119,68725;111,36567;122,89744;131,26709;137,66077;125,4794;134,63561;120,17138;115,34011;111,43423;110,73761;109,12345;118,16217;125,50572;112,3443;123,27127;125,24538;123,62547;132,66848;118,42132;110,61626;120,39388;118,20116;115,30721;87,09703;99,79637;97,24043;117,49877;118,57214;121,93621;124,4283;118,15319;111,2735;103,19624;94,13811;95,11083;78,90003;81,23303;91,95513;106,18399;102,80351;105,00773;110,44978;101,73563;100,91448;100,93776;94,19202;103,63492;96,67658;104,59599;102,66016;105,51613;105,71214;104,07899;98,26322;92,81294;90,91918;90,46925;88,39899;104,54683;97,14151;101,20025;99,01674;102,14126;98,93425;94,74703
Minas Gerais;87,47264;80,05854;90,71677;87,12973;89,60678;88,31143;92,92716;94,09752;94,92158;98,85083;93,72756;85,16683;87,19323;85,23347;90,22169;86,54799;90,99859;88,46581;92,91199;94,77017;96,27986;99,19904;95,07816;92,83905;88,90445;86,04744;95,47469;91,31835;96,43605;96,40384;101,81397;105,4959;101,65414;104,94178;101,54893;93,58832;96,06934;89,97028;100,5937;99,46369;100,92767;105,0041;106,77806;109,45567;106,24933;110,31938;105,14155;98,29456;100,9692;96,59997;106,93379;100,86934;109,72607;105,17368;110,50432;114,99667;111,25389;113,72641;112,10042;105,65962;106,77069;99,99712;115,56262;110,19565;119,11152;117,09366;122,93088;126,78433;118,83;125,35225;122,70766;113,63296;117,9697;111,03189;119,06219;118,38381;124,87457;124,83272;133,45413;131,8773;127,82041;126,0278;104,12211;80,66097;83,39802;82,5082;98,37291;94,21526;101,5156;106,91901;112,81387;114,31988;114,2107;118,22809;112,08639;105,42799;105,06851;103,57456;119,33458;115,32883;122,89182;118,71009;123,97232;125,31066;125,08093;125,89137;119,00206;113,67841;108,49513;111,7297;121,53957;114,53548;124,00315;121,42007;123,67168;124,03629;116,39948;120,86169;121,50718;109,81138;99,97321;105,80351;117,44361;113,57382;122,73447;119,73045;128,34595;133,46637;125,97653;134,64619;122,93303;113,71957;110,62996;98,38072;113,5221;117,28949;126,83412;122,93675;128,15759;131,47064;125,93695;132,85898;121,51604;104,46972;109,7588;108,12387;116,99908;112,19101;121,96182;115,75992;123,62713;124,69286;125,53019;126,71562;112,33209;100,76378;106,33679;97,6077;106,71746;104,12992;113,7;111,20669;115,06762;119,84504;112,22031;118,18533;99,59199;91,03543;87,45616;87,929;98,0622;99,94848;106,15164;105,0012;110,72698;113,37397;110,0373;105,23162;99,29305;93,48471;91,70181;91,04992;100,70196;97,21434;108,56051;107,83174;111,75564;114,31813;108,01162;107,68772;101,27409;91,7163;94,38138;84,72467;94,82358;100,62164;98,87901;106,48268;108,44934;112,44541;103,81183;107,96336;98,94849;92,12769;96,14229;85,48928;87,9695;91,13139;98,30649;95,39151;101,58028;105,00167;101,61113;103,62917;90,41063;79,32765;82,28883;80,09038;84,56073;73,94101;84,60713;90,86706;103,64799;106,75477;105,72306;106,33793;95,32204;93,80899;90,04279;83,8864;94,90056;97,43419;112,19102;111,45427;112,6255;114,12514;110,45666;100,80863;94,5462;93,36055;81,1118;83,76339;96,2929;96,28244;106,18783;102,66977;111,19429;111,35525;108,57931;108,81512;102,74578;91,00287;89,41155;89,26044;103,56343;98,23244;111,72549;107,06531;112,17826;112,60916;109,21727
Espírito Santo;112,32176;102,81546;105,25942;111,7956;113,45484;119,80494;124,80847;125,60229;121,17861;128,43942;134,36642;132,04537;128,03269;124,29887;127,87431;121,37411;134,94472;123,10761;135,86967;132,55912;132,64177;124,04499;121,9442;132,50726;131,52146;125,12789;132,45621;129,01292;136,33361;133,53545;137,55975;138,40501;132,7159;136,15837;135,44064;145,30666;140,08851;123,54783;142,01906;135,92324;141,92079;127,9303;126,27066;139,12919;136,5432;141,94332;137,39697;140,55139;144,00906;124,60612;145,53809;137,98041;147,48405;149,39848;151,3658;140,44984;153,02303;153,50492;151,28825;154,44959;149,35083;134,24532;152,43608;139,92662;149,61685;152,22175;160,13668;174,06349;150,42313;169,20092;171,30628;180,08714;168,15869;157,52402;177,82091;170,4064;182,87032;170,09732;186,01552;187,75793;175,71831;162,76285;129,29692;123,51595;110,19079;110,08481;115,78094;123,17369;128,05346;130,17182;149,49062;167,30427;162,72409;166,16706;159,76965;171,89162;166,84447;152,20423;173,36953;162,4249;160,72159;171,16239;183,05485;190,50737;179,36274;185,04734;175,02953;168,54629;181,58529;171,86345;192,19612;183,89836;191,11865;183,45246;184,5427;183,10782;173,54778;174,49681;175,03982;175,62384;166,09302;162,34941;175,30303;157,24361;164,36134;168,34053;175,95076;175,94921;159,77253;184,27011;156,2948;161,38408;157,29876;153,1419;158,30034;160,51474;160,75639;157,11371;162,20449;165,07726;156,19496;170,25838;165,38009;155,87637;154,62779;137,73055;153,3342;157,33045;161,12771;163,30249;180,13766;188,24884;183,68097;190,21699;184,93668;175,83163;182,77144;173,14203;182,48397;179,39381;183,99718;184,99434;186,34567;189,844;183,88038;180,81219;149,15445;143,35459;134,92329;141,0999;142,1777;140,54164;149,51161;133,89773;147,19164;144,73457;147,79789;153,16487;142,09973;146,00196;152,80989;136,5265;145,51176;146,38473;151,7785;147,88331;141,31832;155,84126;142,87889;148,52465;144,6302;138,50985;139,00433;128,03083;141,07897;142,30328;141,99167;135,4142;146,22618;152,81309;147,76074;156,19706;149,14907;142,80445;137,96365;111,54978;127,23248;117,51427;118,65625;119,14187;126,46162;129,31418;127,92764;123,91175;112,36746;110,18454;110,97408;109,21633;109,56649;87,32035;80,81229;80,63249;110,43753;110,96141;113,42282;114,82359;108,44042;114,29181;107,88456;98,19531;108,00391;110,09408;111,39257;102,69283;113,91595;114,27305;113,41933;114,1685;104,67428;111,96716;117,6972;100,16844;106,51715;106,92246;108,92747;99,53767;86,77013;97,52135;100,32669;92,03068;93,16504;90,41573;110,05415;99,65351;105,75864;105,51514;110,62546;111,17597;114,2348;123,16009;114,55431
Rio de Janeiro;80,92668;74,96796;82,28933;84,34164;85,6492;82,88817;89,0292;93,0388;85,42176;90,58309;84,70639;85,18849;82,03886;80,32948;83,47575;85,61478;86,3499;84,01331;86,79713;85,898;86,81852;92,63019;84,13184;81,86683;81,79143;79,80867;88,80945;85,17334;88,79868;89,31306;90,06457;92,65002;90,9236;93,93064;90,19542;89,79278;86,49901;79,73785;91,63089;89,59637;92,82973;87,89637;87,67742;96,14972;96,38446;97,32424;94,67779;92,80865;92,81018;85,55634;92,76966;89,6145;95,97564;90,37633;93,72105;97,13652;92,70434;94,97737;91,98959;89,45709;91,63108;83,2982;97,66289;93,6398;98,76471;93,26278;92,78179;99,39637;93,42599;102,91986;96,50073;94,63347;99,04193;90,61642;97,63672;91,66749;98,10095;98,5589;100,50983;99,62351;100,54155;103,42449;95,26264;86,46896;86,10557;76,92122;91,36607;89,38616;94,88485;91,83561;96,37052;96,4937;99,07305;102,98126;95,49524;99,65797;96,85659;92,94531;99,92397;98,05816;105,61125;102,38443;106,55059;107,71863;104,70323;108,97082;108,70487;101,96918;100,63133;101,09534;103,12218;103,76564;107,05097;97,57314;102,92382;110,84921;106,02375;108,49653;107,10582;102,23305;88,68577;91,23106;99,49949;97,3233;101,2953;91,62576;99,03649;100,18559;94,85493;104,21786;99,56969;96,93223;99,89116;89,0488;98,73626;97,27424;98,38478;92,35051;99,56241;96,78486;97,26758;102,41155;97,84634;94,53076;97,30894;90,72901;97,52233;91,69664;92,70612;92,97395;99,96277;96,93979;91,37271;96,81735;95,13521;94,74441;95,51164;80,88703;92,00051;89,26882;90,92189;88,46461;91,49466;92,55284;80,58587;85,28771;83,98448;84,77274;82,00616;77,19986;81,82575;80,86745;84,52986;86,73752;87,54358;88,78141;81,14625;89,50418;87,86527;85,3034;86,53427;80,39541;87,56721;83,33927;86,6234;86,48773;83,69011;88,4672;91,4024;98,19408;93,28973;91,26427;91,448;82,91304;87,40181;91,79703;88,31035;89,66373;92,84739;92,29954;88,09394;95,40686;88,69844;91,44557;90,35216;82,33403;86,02381;83,7439;92,85569;83,73373;95,97285;95,89314;94,20858;100,82134;100,32368;94,97597;98,95353;90,52817;95,07743;79,32812;84,40644;84,20507;97,44425;100,32905;94,64179;95,17864;91,68225;91,13699;94,08183;87,1521;90,39766;87,64596;97,70561;96,81145;99,92746;99,91934;99,13852;101,55944;95,89004;97,43972;97,70092;87,83106;96,85315;100,9848;95,98757;91,07679;102,62373;105,29614;102,96708;114,82825;102,51759;101,33292;101,01149;92,90145;102,07632;96,64692;98,76585;101,53157;106,17568;109,37931;111,70922
São Paulo;81,43223;80,73734;88,74597;91,07592;94,4198;89,70418;96,96316;95,99994;95,31177;105,51997;96,37967;83,37807;82,28695;81,43667;87,61875;84,73497;90,81685;87,27318;92,13482;94,88749;99,53672;104,89057;99,49049;89,7644;88,21725;85,10063;100,56265;94,48289;100,65645;101,02486;106,25197;109,92513;113,08022;110,09234;108,81572;99,56595;94,31859;88,88982;101,67435;99,81704;106,99953;108,19393;107,17461;114,65067;110,73165;110,42655;109,45386;101,87468;96,27929;93,191;108,54131;100,11591;113,79224;109,27782;112,35433;118,97934;111,7837;115,81175;112,08357;100,99975;98,85244;96,51326;111,24758;104,3884;116,97573;115,99063;119,56971;125,93451;121,40063;129,85228;121,19619;107,60039;110,94201;106,29022;115,32576;118,65573;124,20836;127,10224;131,85891;129,27306;130,76403;132,27933;118,15374;93,38156;93,64238;89,8542;104,87233;101,67124;110,99363;110,83115;117,78752;121,09131;120,66812;126,86561;121,28218;111,84725;106,21816;105,5777;121,90302;116,87871;123,26011;122,40264;127,61797;132,99358;130,97427;129,89366;127,18671;113,69954;109,71623;113,90758;125,1532;113,15034;128,24079;123,23476;128,19763;137,55461;127,77653;126,59598;121,90559;110,86769;100,71267;104,33431;117,1438;106,79485;120,63333;115,46835;128,17055;138,96591;127,1311;136,42107;123,94319;104,11764;108,07532;103,71296;115,71872;121,91848;127,84835;124,46292;132,01181;140,906;134,42747;136,19304;125,57112;98,75934;102,00217;104,98995;109,85653;111,23921;123,40289;117,21896;124,12016;129,02965;125,2249;129,04682;111,71549;90,89792;96,12707;95,58484;106,38892;98,70505;106,23518;106,5461;108,599;112,55763;108,01682;112,43103;96,81486;79,27008;81,06127;84,21988;92,7607;96,99885;100,55281;103,60045;106,88833;109,50945;108,38287;105,21473;97,79543;78,66957;82,37867;82,8743;94,15661;88,06329;105,00295;107,76431;111,44066;116,6425;113,92473;112,65013;104,76613;86,69145;88,2226;86,19797;98,33704;101,61809;99,7587;111,13243;114,68515;117,7115;106,17043;109,37839;101,06211;81,90663;83,90375;90,93701;91,14686;99,23204;111,48451;105,26062;111,86968;118,32378;109,96589;114,63376;99,01416;79,94364;85,82881;86,88871;86,54531;65,95158;81,07152;92,52901;107,76949;111,92957;115,58324;115,54892;103,50333;89,67173;90,36191;90,56592;99,47159;93,13405;106,1516;105,84753;109,63948;112,50168;109,38087;101,56213;94,9664;83,56966;85,52144;87,87148;95,94019;93,42659;103,99798;104,73014;110,81889;113,68811;107,65123;107,04267;102,49212;86,81947;83,97499;83,97891;94,08999;90,17547;106,133;102,00422;107,2761;114,52773;108,79132
Paraná;56,75055;57,78404;63,93812;66,94307;64,52229;65,19876;68,27265;69,6919;69,66216;72,45003;67,25129;59,51359;61,24691;63,17441;65,63894;67,31741;68,55384;65,14134;74,81207;73,78378;74,18269;78,50276;71,36101;61,59841;65,4816;67,46543;75,63739;72,58605;68,79181;65,76813;78,50308;88,63998;89,01369;84,5015;82,58995;73,70308;71,54227;69,71721;80,16257;79,14987;81,93418;82,52924;79,54122;86,75483;88,3554;83,50891;75,6141;72,16302;66,0838;65,97801;77,73622;72,29869;82,39508;79,12264;76,64443;84,96031;75,65874;81,5308;78,5031;71,9922;69,70466;68,95834;85,06095;78,97419;85,31558;83,44494;85,3128;92,24464;82,21261;96,68065;84,66643;78,9459;83,91661;81,02745;90,19678;91,11676;93,9307;93,51445;100,6314;94,89011;97,24475;103,46626;90,85649;69,40831;68,59151;71,88192;85,35318;82,20321;81,95649;78,31194;86,6811;88,80409;80,66199;96,8954;90,74905;87,54635;83,44095;82,90897;105,08978;93,84842;103,86282;102,41233;107,22239;98,79311;101,63387;101,19688;102,63432;92,22032;91,67169;95,94881;102,53686;100,75885;108,49653;109,11391;116,77581;124,22917;111,96629;114,74857;117,34701;113,21735;91,50383;93,8438;103,40073;97,67351;109,44832;103,02738;110,18069;116,42393;105,07521;112,3692;103,2295;88,16769;90,93593;88,21712;101,64548;110,03173;111,54437;105,47919;114,78185;121,16407;112,46756;118,60851;110,3197;86,08858;94,07463;97,56344;98,54186;95,89452;105,80006;90,55936;107,77535;108,9693;104,23029;110,26582;102,34402;90,10489;84,03747;83,75622;94,23449;94,11968;96,01721;97,08076;96,03225;96,58572;97,36263;95,50241;88,37423;76,91044;73,77549;76,98175;88,46404;87,45811;86,16606;91,62364;95,97432;93,58274;88,50395;93,36697;93,81671;81,68103;79,52206;81,41593;93,72017;83,70843;94,09526;92,9101;99,09926;101,7643;96,47124;97,55284;96,78549;81,592;76,76721;79,96843;90,39135;94,08504;82,66319;101,7774;105,36455;108,51144;96,91318;98,73425;96,58271;82,0654;84,74042;89,62148;92,70197;96,1771;105,78748;97,64534;110,65464;110,43966;104,12285;108,27162;93,2454;84,0453;87,04487;92,77269;94,38846;66,81675;86,8881;91,1174;100,56618;101,30909;107,63703;113,52655;105,90737;99,70216;97,14717;95,8564;109,87249;102,73374;106,70436;97,78937;108,49812;110,42016;108,27146;108,62941;104,49199;102,19392;95,37776;93,69891;108,23791;96,62168;104,99171;102,89763;105,52647;111,20743;100,09666;89,41434;94,24191;97,68779;94,99986;94,22376;105,92032;93,56497;108,31273;99,61832;102,163;112,81722;108,98053
Santa Catarina;91,10088;90,5616;95,02413;99,58199;97,40912;92,79879;102,26777;104,51381;101,43697;113,73838;108,05732;90,2394;89,98589;90,27495;91,95989;88,07792;92,46679;90,56314;95,7043;95,21869;103,32853;108,9358;101,53452;88,52612;87,71618;91,15375;103,30189;98,11977;103,13342;106,08133;112,82912;113,76016;114,8543;114,3519;111,93052;99,90098;95,63005;97,80903;107,31516;104,68495;106,32578;107,77478;103,59456;107,61789;101,80574;107,56722;109,21303;95,15051;97,28165;96,86115;108,61589;93,93101;108,01082;105,20201;106,44592;109,93737;104,68597;109,46829;109,18218;93,91124;99,33175;99,85652;111,04713;102,05303;115,73732;111,00161;112,51158;117,3725;109,09708;120,75394;115,82713;94,95039;102,04592;105,95071;107,95728;111,45436;108,95476;108,11212;115,64493;114,90142;115,44176;117,50305;104,0805;85,30908;90,52335;86,28164;98,23071;93,32684;99,81;104,06864;111,15019;107,23133;110,05565;119,12592;112,23611;99,6951;100,41628;99,45901;118,01096;109,47266;114,12159;111,16159;110,6942;110,07621;109,28012;114,36873;114,5256;104,26075;103,21098;104,25563;113,65275;99,2147;102,69243;102,2587;101,7334;109,22978;104,40053;105,02538;105,22886;94,758;91,18204;99,05502;106,29945;96,17634;105,33902;98,48404;104,75962;109,19753;99,04367;109,4763;108,22062;88,02855;94,84023;94,92253;100,10185;105,63737;104,20737;101,74362;109,47545;111,41571;104,82285;117,12398;107,72605;84,33661;93,00212;97,4198;103,85335;98,25616;103,99642;93,86387;106,99861;104,18953;106,88772;113,30297;101,94985;81,94194;87,01756;86,68186;99,93969;91,61254;93,64565;94,13281;96,43598;96,3059;93,45728;99,62308;95,53418;73,47448;76,29871;82,47144;92,11192;87,20147;87,73652;95,54394;91,38998;97,8966;94,55394;94,8024;93,91758;77,71819;80,86715;86,08146;97,67047;83,47809;95,79124;94,51986;95,84406;102,98154;96,72225;103,33672;101,45099;81,28225;89,0044;89,73979;98,67822;96,26493;88,02079;97,94067;103,57896;108,16814;96,09131;111,63835;106,30327;81,04817;90,70126;92,92984;101,82127;99,3531;106,17626;95,88266;104,22132;104,85784;101,05905;110,73527;102,51824;82,11086;90,25288;94,59864;85,40296;68,16605;75,6121;83,74237;98,61028;103,27506;108,56703;118,70567;113,2313;96,95265;99,75169;101,78049;115,61379;102,01643;105,39168;103,07003;105,96731;110,03663;109,05042;104,67729;110,1391;86,00576;93,15418;97,32324;106,03216;96,46241;103,47679;101,05822;104,71944;109,40482;101,54442;101,2872;100,55246;84,98472;88,62562;92,77599;103,14867;90,82277;100,11188;100,27976;101,24764;109,59734;102,44866
Rio Grande do Sul;85,71956;84,60608;99,18777;108,62347;110,25873;99,37851;100,10103;97,16637;94,62911;102,29061;98,03104;83,00391;88,27158;87,71876;104,24584;107,51254;107,9281;94,02063;93,42781;90,39479;95,43558;103,05158;95,6791;87,09947;87,92223;87,8619;114,12912;111,16524;112,12336;111,12847;114,80965;102,61247;93,44097;104,47981;97,37699;87,91001;86,75586;85,83144;105,68899;107,83219;112,0813;108,39127;105,27769;106,23046;91,67261;98,15966;95,41095;89,23426;84,50288;85,3934;105,00531;96,55107;108,57357;101,10281;102,22129;102,33096;94,25563;100,7122;97,90955;88,73638;89,81361;90,40689;113,08204;113,58939;118,95225;107,49887;111,6531;109,07125;95,13225;109,74148;104,62214;94,11785;97,52497;101,66485;110,54463;118,3773;112,58617;112,35017;116,21096;109,54231;108,30528;109,75682;91,94961;78,07296;78,73838;82,12446;101,23631;105,70758;106,15265;104,81933;110,06568;105,92022;100,60234;106,83391;103,2037;98,46048;93,76541;88,34225;113,95932;111,58932;109,60709;111,52736;117,438;108,9423;96,79687;99,35094;109,94164;97,48052;89,22171;95,96893;114,41779;111,89743;115,47613;111,50871;114,13518;113,91626;101,62665;107,52866;104,70253;97,74024;91,75639;88,00276;106,64041;99,99301;109,83966;99,04545;105,91468;112,56964;95,67165;106,25261;103,59657;85,61645;92,41527;93,99057;103,96755;115,42834;116,10821;109,80093;120,66349;119,30876;108,19451;119,97039;109,50949;86,99103;94,94276;99,3037;105,86704;103,45966;107,60254;96,2192;107,696;111,22644;110,00786;114,52958;102,93265;86,89749;81,68425;82,75024;102,18786;95,63094;94,88646;89,07315;103,13836;97,6894;88,6736;95,68174;89,3004;77,08421;78,03139;79,1733;91,61886;88,39338;91,47863;91,15648;90,73889;98,02565;88,18801;91,54174;87,99326;80,01915;75,01839;79,88278;98,62159;84,77652;98,60248;93,01999;92,62108;96,86315;84,40973;89,78249;88,38419;80,88726;80,36887;80,86921;94,06944;95,06855;88,41018;94,59379;103,90669;109,2157;95,27053;103,84273;99,69721;79,87612;86,37387;86,98172;98,0988;99,92197;106,25724;97,30237;105,84913;103,1474;94,7195;102,10777;94,31622;78,48473;85,54848;87,48911;85,11988;63,80392;77,44194;86,2792;99,7584;102,11988;101,56984;105,66121;102,10895;92,74716;92,90687;94,30534;103,70669;98,99379;100,85914;98,55197;101,74412;102,58828;97,37266;104,06782;103,41984;88,69126;93,2868;90,82888;106,85631;97,64631;103,79563;103,19822;103,90134;108,61906;101,0982;101,83631;100,14021;88,79272;86,26011;78,22641;100,35931;92,93779;103,36214;98,54035;98,59631;109,833;95,03392
Mato Grosso do Sul;...;...;...;...;...;...;...;...;...;...;...;...;...;...;...;...;...;...;...;...;...;...;...;...;...;...;...;...;...;...;...;...;...;...;...;...;...;...;...;...;...;...;...;...;...;...;...;...;...;...;...;...;...;...;...;...;...;...;...;...;...;...;...;...;...;...;...;...;...;...;...;...;...;...;...;...;...;...;...;...;...;...;...;...;...;...;...;...;...;...;...;...;...;...;...;...;...;...;...;...;...;...;...;...;...;...;...;...;...;...;...;...;...;...;...;...;...;...;...;...;...;...;...;...;...;...;...;...;...;...;...;...;...;...;...;...;...;...;...;...;...;...;...;...;...;...;...;...;...;...;...;...;...;...;...;...;...;...;...;...;...;...;...;...;...;...;...;...;...;...;...;...;...;...;...;...;...;...;...;...;...;...;...;...;...;...;...;...;...;...;...;...;...;...;...;...;...;...;...;...;...;...;...;...;...;...;...;...;...;...;...;...;...;...;...;...;...;...;...;...;...;...;...;...;...;...;...;...;...;...;...;...;...;...;...;...;...;...;...;...;74,0321;70,8162;75,73718;95,55204;117,59082;114,71843;131,95199;118,17417;106,65351;98,01297;101,97908;94,78152;77,35139;67,92081;82,22979;90,27316;122,93925;114,10673;117,30574;115,58532;106,38044
Mato Grosso;...;...;...;...;...;...;...;...;...;...;...;...;...;...;...;...;...;...;...;...;...;...;...;...;...;...;...;...;...;...;...;...;...;...;...;...;...;...;...;...;...;...;...;...;...;...;...;...;...;...;...;...;...;...;...;...;...;...;...;...;...;...;...;...;...;...;...;...;...;...;...;...;...;...;...;...;...;...;...;...;...;...;...;...;...;...;...;...;...;...;...;...;...;...;...;...;...;...;...;...;...;...;...;...;...;...;...;...;...;...;...;...;...;...;...;...;...;...;...;...;63,09997;78,32354;84,50587;87,50023;96,25829;89,56456;94,0223;94,67358;82,51392;81,80955;74,1809;61,49088;67,60662;65,1998;75,56469;83,13554;92,74318;90,61595;93,12172;94,65292;88,51734;93,98235;82,62007;70,28556;67,22479;72,504;75,07918;85,89142;95,32255;89,46927;101,93651;99,08562;90,69779;98,06301;88,30359;75,89694;71,65514;70,24262;79,31886;80,1308;89,21465;94,47149;102,99647;103,8196;100,92832;98,05385;89,47308;85,10173;73,45013;84,65257;83,83547;84,27594;100,83387;100,18871;100,12539;93,85698;90,29512;81,1045;89,87777;81,34809;83,0369;77,06156;84,7721;77,09062;98,64745;99,88561;102,18366;107,51794;94,4112;103,66304;92,07295;86,84525;83,65013;75,05964;87,44292;87,10556;84,76825;98,96873;106,89178;109,69378;98,10931;100,26284;90,52837;84,76591;81,16937;77,04128;76,79343;84,08882;91,04578;85,75764;103,248;101,73881;96,01922;103,06165;90,9576;75,6311;76,12383;78,28282;74,94824;74,53155;86,65165;96,07102;96,64856;92,66161;90,61105;91,69763;72,97785;75,52064;63,16676;75,68272;73,74131;72,66313;85,48288;90,24761;93,6205;91,48839;81,51547;87,87716;95,38203;94,05887;100,44946;93,50665;84,33652;82,02718;104,64231;110,53124;120,19686;116,28139;107,84422;99,49292;88,55144;92,13981;89,90165;81,76651;89,0608;89,47635;113,95504;124,43711;128,76717;129,41124;114,29633
Goiás;43,79295;50,67727;56,57042;57,58342;57,98304;58,37055;64,85761;66,73566;64,18761;67,39603;62,39863;53,79614;51,06184;57,41685;61,42391;59,90436;60,04216;63,59345;61,58324;68,49698;68,81594;71,34157;61,1499;51,99515;53,54938;57,42903;64,04651;59,01036;66,95534;66,22449;68,41768;72,3997;77,50636;75,11126;70,96766;62,86881;54,95905;58,89533;70,02735;69,70231;68,69496;73,46635;73,54177;76,32229;75,26991;74,37869;69,19722;65,99647;55,50384;61,51582;70,34838;65,87746;74,53348;73,86577;73,9343;79,61813;74,98885;77,37647;73,49097;65,86616;64,74634;60,88812;71,87182;65,33267;74,24419;70,20935;74,96139;80,80919;78,11918;80,85728;76,49394;67,67746;68,61697;70,90575;75,05107;74,16302;79,95375;82,54005;87,25811;84,9152;81,01286;85,12473;75,58255;69,45825;63,91497;65,12818;73,23779;71,55191;76,57245;80,67181;87,81883;86,38651;85,08577;82,27848;79,92925;71,62722;72,02123;82,65533;85,82244;85,27938;87,03535;80,88639;92,72447;94,18139;95,84145;94,59191;88,91811;77,26938;70,46127;81,36599;80,84613;77,45675;91,38726;94,54323;98,06642;94,89121;101,8853;94,47454;97,07269;86,47698;58,79408;63,97447;75,01837;81,36364;107,47616;102,75088;109,52001;116,05221;107,57044;107,02303;90,93222;69,3812;72,81942;69,89448;81,29538;90,97409;102,52479;105,34522;111,49553;117,42034;110,79088;107,66471;91,34122;85,56065;68,11761;72,96371;76,71762;90,17343;111,88008;115,26675;118,61458;129,92637;124,68812;121,47968;101,94095;81,2008;66,98461;70,00163;83,83097;92,52284;114,05724;118,50165;126,85041;132,36466;124,08324;116,00998;94,263;79,59146;58,38161;68,64981;73,32652;92,80037;115,13118;122,76811;130,93397;134,91747;122,86034;109,16902;83,11888;72,79388;64,84935;70,58537;79,65419;86,14318;115,74376;123,17239;131,06014;137,69277;130,8365;121,68118;98,43317;76,85818;66,0747;68,8327;77,7153;90,73567;99,48253;119,1546;126,59593;133,0858;123,97107;112,15805;83,88527;77,29512;69,43455;71,60782;76,79949;86,6652;113,30206;116,31085;128,37839;132,95642;125,80883;124,7277;91,70478;74,59214;68,62087;70,54295;76,86604;92,34625;116,95209;125,32915;135,22334;138,22656;133,24455;113,87082;87,49774;72,92042;62,02479;65,21583;77,18068;86,37217;117,35894;120,0014;130,95699;133,29021;121,9442;106,68433;83,98929;78,82877;75,60781;78,63318;87,7276;86,52262;110,55601;113,42855;122,67883;128,27368;122,75915;104,13294;90,07606;79,60352;78,14798;76,25538;83,32419;84,95639;111,01842;120,2608;129,22148;136,77856;131,01184
Fonte: IBGE - Pesquisa Industrial Mensal - Produção Física;;;;;;;;;;;;;;;;;;;;;;;;;;;;;;;;;;;;;;;;;;;;;;;;;;;;;;;;;;;;;;;;;;;;;;;;;;;;;;;;;;;;;;;;;;;;;;;;;;;;;;;;;;;;;;;;;;;;;;;;;;;;;;;;;;;;;;;;;;;;;;;;;;;;;;;;;;;;;;;;;;;;;;;;;;;;;;;;;;;;;;;;;;;;;;;;;;;;;;;;;;;;;;;;;;;;;;;;;;;;;;;;;;;;;;;;;;;;;;;;;;;;;;;;;;;;;;;;;;;;;
